user_id,age,gender,occupation,work_mode,screen_time_hours,work_screen_hours,leisure_screen_hours,sleep_hours,sleep_quality_1_5,stress_level_0_10,productivity_0_100,exercise_minutes_per_week,social_hours_per_week,mental_wellness_index_0_100,total_screen_time,sleep_deficit,stress_productivity_ratio,screen_time_category,sleep_category,cognitive_fatigue
U0001,33,female,employed,remote,10.79,5.44,5.35,6.63,1,9.3,44.7,127,0.7,9.3,10.79,1.37,0.20350109409190373,high,normal,low
U0002,28,female,employed,in-person,7.4,0.37,7.03,8.05,3,5.7,78.0,74,2.1,56.2,7.4,0.0,0.07215189873417721,medium,good,low
U0003,35,female,employed,hybrid,9.78,1.09,8.69,6.48,1,9.1,51.8,67,8.0,3.6,9.78,1.5199999999999996,0.17234848484848486,high,normal,low
U0004,42,male,employed,hybrid,11.13,0.56,10.57,6.89,1,10.0,37.0,0,5.7,0.0,11.13,1.1100000000000003,0.2631578947368421,high,normal,low
U0005,28,male,student,remote,13.22,4.09,9.13,5.79,1,10.0,38.5,143,10.1,0.0,13.22,2.21,0.25316455696202533,high,normal,medium
U0006,28,non-binary/other,self-employed,hybrid,9.83,0.53,9.3,7.19,1,10.0,44.0,71,10.3,5.0,9.83,0.8099999999999996,0.2222222222222222,high,good,low
U0007,42,non-binary/other,retired,remote,6.02,2.82,3.2,7.44,2,6.1,64.8,141,4.7,43.7,6.02,0.5599999999999996,0.09270516717325228,medium,good,low
U0008,36,male,employed,in-person,6.21,0.75,5.46,6.78,2,5.4,87.0,51,18.7,54.3,6.21,1.2199999999999998,0.06136363636363637,medium,normal,low
U0010,34,male,employed,hybrid,9.37,0.84,8.53,7.78,2,10.0,42.2,50,12.7,10.7,9.37,0.21999999999999975,0.23148148148148145,high,good,low
U0011,26,male,student,remote,9.87,3.02,6.85,6.4,1,8.8,55.9,87,6.2,21.8,9.87,1.5999999999999996,0.15465729349736382,high,normal,low
U0012,26,female,unemployed,hybrid,4.96,0.25,4.71,8.01,3,4.6,88.4,188,12.5,74.3,4.96,0.0,0.05145413870246084,medium,good,low
U0013,31,female,student,remote,12.55,6.8,5.75,6.96,1,10.0,33.0,139,11.3,0.0,12.55,1.04,0.29411764705882354,high,normal,low
U0014,16,female,employed,remote,7.86,4.33,3.53,7.59,2,6.3,70.7,102,8.6,40.9,7.859999999999999,0.41000000000000014,0.08786610878661087,medium,good,low
U0015,16,male,employed,hybrid,9.07,0.79,8.28,5.54,1,10.0,53.2,0,0.0,10.7,9.07,2.46,0.18450184501845018,high,normal,medium
U0016,25,male,employed,hybrid,13.49,2.82,10.67,7.13,1,10.0,37.6,284,2.8,0.0,13.49,0.8700000000000001,0.25906735751295334,high,good,low
U0017,21,female,employed,in-person,8.86,0.82,8.04,6.53,1,10.0,60.3,223,13.1,10.5,8.86,1.4699999999999998,0.1631321370309951,high,normal,low
U0018,32,male,self-employed,hybrid,7.13,0.82,6.31,7.06,1,7.0,49.0,167,11.6,29.5,7.13,0.9400000000000004,0.14,medium,good,low
U0019,22,male,student,hybrid,8.18,0.7,7.48,9.2,3,4.2,85.1,52,11.2,68.9,8.18,0.0,0.04878048780487806,high,good,low
U0020,18,female,student,remote,10.26,5.73,4.53,6.98,1,9.4,52.0,82,1.5,10.8,10.260000000000002,1.0199999999999996,0.17735849056603775,high,normal,low
U0021,41,female,student,remote,10.14,3.29,6.85,6.68,1,10.0,48.1,65,2.8,0.0,10.14,1.3200000000000003,0.20366598778004072,high,normal,low
U0022,28,male,unemployed,remote,7.52,2.89,4.63,5.49,1,8.1,53.1,200,13.2,18.2,7.52,2.51,0.1497227356746765,medium,normal,medium
U0023,30,male,self-employed,in-person,7.67,1.65,6.02,8.36,3,5.1,76.4,130,8.9,53.5,7.67,0.0,0.06589147286821705,medium,good,low
U0024,18,male,employed,remote,5.74,2.33,3.41,6.34,1,3.7,77.3,63,17.6,48.7,5.74,1.6600000000000001,0.04725415070242657,medium,normal,low
U0025,25,male,employed,in-person,8.93,0.45,8.48,6.21,1,9.8,50.3,69,8.5,0.7,8.93,1.79,0.19103313840155947,high,normal,low
U0026,30,male,employed,hybrid,7.05,0.8,6.25,7.08,1,10.0,51.0,194,8.6,1.8,7.05,0.9199999999999999,0.19230769230769232,medium,good,low
U0027,20,male,student,remote,11.3,5.17,6.13,7.74,2,10.0,53.3,197,7.4,4.6,11.3,0.2599999999999998,0.1841620626151013,high,good,low
U0028,33,male,unemployed,in-person,6.61,0.33,6.28,8.06,2,7.0,60.0,227,3.5,42.8,6.61,0.0,0.11475409836065574,medium,good,low
U0029,25,male,employed,hybrid,7.43,0.73,6.7,7.11,2,7.6,61.1,164,0.0,28.9,7.43,0.8899999999999997,0.12238325281803542,medium,good,low
U0030,27,female,employed,in-person,9.57,0.48,9.09,7.18,1,10.0,38.0,81,9.1,0.9,9.57,0.8200000000000003,0.2564102564102564,high,good,low
U0031,25,female,employed,in-person,6.37,0.78,5.59,6.91,1,8.5,52.1,0,8.9,11.1,6.37,1.0899999999999999,0.160075329566855,medium,normal,low
U0032,44,female,student,remote,14.35,7.54,6.81,6.5,1,10.0,42.6,100,5.1,0.0,14.35,1.5,0.2293577981651376,high,normal,low
U0033,29,male,student,remote,6.89,1.25,5.64,7.42,1,7.0,60.3,116,0.2,17.2,6.89,0.5800000000000001,0.11419249592169659,medium,good,low
U0034,21,male,employed,hybrid,11.38,0.57,10.81,7.38,1,9.9,57.0,95,11.4,2.4,11.38,0.6200000000000001,0.1706896551724138,high,good,low
U0035,36,male,student,in-person,13.05,0.65,12.4,7.28,1,10.0,39.6,86,4.2,0.0,13.05,0.7199999999999998,0.24630541871921183,high,good,low
U0036,20,female,employed,remote,7.47,3.01,4.46,7.57,1,8.4,53.6,15,14.3,14.8,7.47,0.4299999999999997,0.15384615384615385,medium,good,low
U0037,31,female,student,hybrid,9.93,1.89,8.04,6.63,1,9.5,45.7,138,15.2,2.2,9.93,1.37,0.20342612419700212,high,normal,low
U0038,16,female,employed,hybrid,8.08,1.25,6.83,7.64,3,6.5,68.1,147,0.0,57.6,8.08,0.3600000000000003,0.09406657018813315,high,good,low
U0039,19,female,employed,in-person,7.88,0.39,7.49,7.03,1,9.0,49.8,153,7.6,17.7,7.88,0.9699999999999998,0.17716535433070868,medium,good,low
U0040,31,male,employed,remote,8.81,3.92,4.89,6.22,1,10.0,51.6,172,5.7,12.5,8.809999999999999,1.7800000000000002,0.19011406844106463,high,normal,low
U0041,35,female,employed,in-person,5.65,0.36,5.29,7.28,2,7.2,67.4,169,19.4,35.2,5.65,0.7199999999999998,0.10526315789473684,medium,good,low
U0042,31,female,employed,in-person,9.31,0.65,8.66,7.08,2,8.4,51.7,74,1.1,30.4,9.31,0.9199999999999999,0.15939278937381404,high,good,low
U0043,29,male,employed,remote,7.72,5.52,2.2,7.96,3,3.8,77.7,106,17.5,62.2,7.72,0.040000000000000036,0.048284625158831,medium,good,low
U0044,27,female,employed,remote,11.81,4.64,7.17,6.45,1,10.0,37.6,92,3.5,0.0,11.809999999999999,1.5499999999999998,0.25906735751295334,high,normal,low
U0045,18,female,employed,in-person,6.71,0.74,5.97,6.31,1,7.4,58.8,119,8.0,23.3,6.71,1.6900000000000004,0.12374581939799333,medium,normal,low
U0046,24,male,unemployed,remote,6.1,1.57,4.53,7.47,1,4.1,79.6,188,8.0,53.0,6.1000000000000005,0.5300000000000002,0.05086848635235732,medium,good,low
U0047,26,female,employed,in-person,7.46,1.45,6.01,7.33,2,8.9,49.2,156,8.4,23.7,7.46,0.6699999999999999,0.17729083665338646,medium,good,low
U0048,38,male,student,remote,14.22,7.52,6.7,6.5,1,10.0,34.8,222,13.9,0.0,14.219999999999999,1.5,0.2793296089385475,high,normal,low
U0049,32,male,student,remote,9.93,3.77,6.16,7.67,2,9.3,52.8,254,0.5,18.5,9.93,0.33000000000000007,0.17286245353159854,high,good,low
U0050,16,male,employed,in-person,13.29,0.99,12.3,7.08,1,10.0,27.1,77,9.2,0.0,13.290000000000001,0.9199999999999999,0.3558718861209964,high,good,low
U0051,32,female,employed,hybrid,6.77,0.36,6.41,6.93,1,6.5,56.8,0,8.1,27.3,6.7700000000000005,1.0700000000000003,0.11245674740484429,medium,normal,low
U0052,26,male,student,remote,10.25,5.59,4.66,6.33,1,10.0,38.5,181,5.4,0.3,10.25,1.67,0.25316455696202533,high,normal,low
U0053,24,female,employed,hybrid,8.75,1.6,7.15,6.2,1,8.8,44.9,65,21.6,0.0,8.75,1.7999999999999998,0.1917211328976035,high,normal,low
U0054,34,female,employed,hybrid,10.13,0.51,9.62,7.48,1,9.8,44.8,43,5.4,1.5,10.129999999999999,0.5199999999999996,0.21397379912663758,high,good,low
U0055,38,female,employed,remote,9.47,2.4,7.07,8.22,2,7.2,60.0,77,10.2,34.4,9.47,0.0,0.1180327868852459,high,good,low
U0056,37,non-binary/other,employed,hybrid,7.57,0.42,7.15,7.08,2,9.4,51.7,85,11.5,27.4,7.57,0.9199999999999999,0.17836812144212524,medium,good,low
U0057,23,female,student,in-person,6.76,0.55,6.21,7.12,2,5.6,74.0,157,1.0,39.1,6.76,0.8799999999999999,0.07466666666666666,medium,good,low
U0058,27,female,student,remote,7.82,2.5,5.32,8.37,3,6.9,81.0,0,18.8,44.1,7.82,0.0,0.08414634146341464,medium,good,low
U0059,32,male,employed,hybrid,11.49,1.1,10.39,7.1,2,7.2,67.8,15,0.0,29.9,11.49,0.9000000000000004,0.10465116279069768,high,good,low
U0060,37,female,employed,hybrid,8.89,1.91,6.98,7.49,2,9.7,40.3,132,6.1,19.8,8.89,0.5099999999999998,0.23486682808716708,high,good,low
U0061,26,female,employed,in-person,10.09,0.68,9.41,5.89,1,10.0,46.3,139,5.6,4.5,10.09,2.1100000000000003,0.21141649048625794,high,normal,medium
U0062,28,female,employed,remote,9.02,2.67,6.35,7.57,1,9.4,45.8,148,7.9,2.3,9.02,0.4299999999999997,0.20085470085470086,high,good,low
U0063,21,female,student,in-person,11.16,1.46,9.7,5.89,1,10.0,42.2,31,2.8,3.8,11.16,2.1100000000000003,0.23148148148148145,high,normal,medium
U0064,20,female,self-employed,hybrid,7.3,1.65,5.65,6.3,1,8.4,51.1,41,7.7,9.8,7.300000000000001,1.7000000000000002,0.16122840690978887,medium,normal,low
U0065,36,female,employed,remote,6.95,3.9,3.05,7.14,1,10.0,48.3,84,7.9,0.0,6.949999999999999,0.8600000000000003,0.20283975659229211,medium,good,low
U0066,40,male,employed,remote,5.5,2.5,3.0,7.21,2,2.6,86.3,147,2.2,60.6,5.5,0.79,0.029782359679266898,medium,good,low
U0067,29,female,employed,remote,11.02,1.59,9.43,6.56,1,10.0,38.0,195,0.0,13.2,11.02,1.4400000000000004,0.2564102564102564,high,normal,low
U0068,38,female,employed,hybrid,8.47,0.94,7.53,6.06,1,7.4,50.3,0,10.0,18.2,8.47,1.9400000000000004,0.14424951267056532,high,normal,low
U0069,32,male,employed,hybrid,6.92,1.07,5.85,8.15,3,5.1,76.5,102,11.5,57.0,6.92,0.0,0.06580645161290322,medium,good,low
U0070,24,female,student,in-person,8.23,0.45,7.78,8.01,2,7.0,65.1,12,17.2,30.6,8.23,0.0,0.10590015128593042,high,good,low
U0071,32,male,unemployed,hybrid,7.88,0.39,7.49,5.68,1,7.7,59.0,0,4.5,19.6,7.88,2.3200000000000003,0.12833333333333333,medium,normal,medium
U0072,42,female,student,remote,13.44,6.68,6.76,7.29,1,10.0,43.0,151,12.5,5.4,13.44,0.71,0.22727272727272727,high,good,low
U0073,29,female,unemployed,hybrid,5.41,0.44,4.97,6.93,1,4.6,68.5,163,5.5,43.0,5.41,1.0700000000000003,0.06618705035971223,medium,normal,low
U0074,42,female,employed,in-person,8.6,1.6,7.0,7.92,2,9.2,56.0,144,15.5,21.4,8.6,0.08000000000000007,0.1614035087719298,high,good,low
U0075,16,female,student,remote,9.13,4.07,5.06,6.84,2,5.4,74.5,161,12.8,52.8,9.129999999999999,1.1600000000000001,0.07152317880794702,high,normal,low
U0076,36,female,employed,remote,9.26,4.57,4.69,7.09,1,10.0,51.1,72,9.9,5.1,9.260000000000002,0.9100000000000001,0.19193857965451055,high,good,low
U0077,30,female,self-employed,remote,6.61,1.82,4.79,7.26,1,6.8,60.5,88,6.0,19.3,6.61,0.7400000000000002,0.11056910569105691,medium,good,low
U0079,30,female,self-employed,hybrid,11.75,0.88,10.87,5.65,1,10.0,41.5,70,10.3,0.0,11.75,2.3499999999999996,0.23529411764705882,high,normal,medium
U0080,16,female,employed,hybrid,7.58,0.38,7.2,7.61,2,4.5,67.7,157,3.4,61.4,7.58,0.3899999999999997,0.06550218340611354,medium,good,low
U0081,28,female,employed,in-person,9.14,1.99,7.15,7.89,1,9.4,45.5,103,0.9,11.7,9.14,0.11000000000000032,0.2021505376344086,high,good,low
U0082,32,female,self-employed,in-person,5.44,0.45,4.99,8.18,2,3.0,88.3,0,7.1,56.1,5.44,0.0,0.0335946248600224,medium,good,low
U0083,41,female,student,remote,9.86,6.39,3.47,8.89,3,8.2,66.3,0,15.8,32.6,9.86,0.0,0.12184249628528974,high,good,low
U0084,25,male,employed,in-person,8.05,1.1,6.95,6.72,1,7.1,55.9,67,11.4,17.5,8.05,1.2800000000000002,0.12478031634446397,high,normal,low
U0085,23,female,student,remote,7.04,3.5,3.54,8.04,3,4.6,82.3,186,2.8,72.6,7.04,0.0,0.055222088835534214,medium,good,low
U0086,25,male,retired,remote,6.32,1.72,4.6,7.32,2,6.3,64.4,173,3.6,30.8,6.319999999999999,0.6799999999999997,0.09633027522935779,medium,good,low
U0087,37,male,unemployed,remote,10.3,2.73,7.57,7.91,1,9.1,50.4,164,13.5,12.2,10.3,0.08999999999999986,0.17704280155642024,high,good,low
U0088,32,female,student,remote,9.24,2.53,6.71,7.03,1,9.3,46.5,34,4.5,5.0,9.24,0.9699999999999998,0.19578947368421054,high,good,low
U0089,25,male,employed,hybrid,8.29,1.0,7.29,6.8,1,6.4,58.3,219,12.0,34.5,8.29,1.2000000000000002,0.10792580101180439,high,normal,low
U0090,34,male,unemployed,in-person,5.52,0.92,4.6,8.66,2,6.2,68.7,59,5.9,38.1,5.52,0.0,0.08895265423242468,medium,good,low
U0091,30,female,student,remote,9.13,2.42,6.71,6.64,1,10.0,43.9,118,16.1,0.0,9.129999999999999,1.3600000000000003,0.22271714922049,high,normal,low
U0092,37,female,employed,remote,9.81,2.46,7.35,5.87,1,10.0,40.6,102,4.0,0.0,9.809999999999999,2.13,0.24038461538461536,high,normal,medium
U0093,24,male,unemployed,hybrid,7.75,0.96,6.79,6.76,1,8.3,57.1,96,14.6,10.7,7.75,1.2400000000000002,0.14285714285714288,medium,normal,low
U0094,27,male,student,in-person,7.05,0.62,6.43,7.81,1,8.8,49.9,208,5.7,14.4,7.05,0.1900000000000004,0.17288801571709236,medium,good,low
U0095,26,female,employed,hybrid,7.83,0.87,6.96,8.3,3,3.2,95.0,60,8.7,80.9,7.83,0.0,0.03333333333333333,medium,good,low
U0096,18,female,employed,hybrid,10.17,1.01,9.16,6.84,1,10.0,51.5,0,0.0,0.0,10.17,1.1600000000000001,0.19047619047619047,high,normal,low
U0097,32,female,unemployed,remote,7.94,2.93,5.01,8.28,2,8.3,53.5,113,0.0,18.7,7.9399999999999995,0.0,0.15229357798165138,medium,good,low
U0098,32,female,retired,remote,9.58,3.64,5.94,5.9,1,8.9,48.4,74,6.1,6.1,9.58,2.0999999999999996,0.18016194331983806,high,normal,medium
U0099,30,male,unemployed,in-person,3.69,0.67,3.02,7.49,1,6.8,61.4,372,10.6,30.3,3.69,0.5099999999999998,0.10897435897435898,low,good,low
U0100,28,female,employed,in-person,7.58,0.38,7.2,7.01,1,7.7,53.9,159,4.3,24.2,7.58,0.9900000000000002,0.14025500910746813,medium,good,low
U0101,18,female,self-employed,remote,9.82,5.22,4.6,6.72,1,9.2,58.5,64,2.7,10.7,9.82,1.2800000000000002,0.15462184873949578,high,normal,low
U0102,26,male,self-employed,in-person,8.53,0.43,8.1,7.15,1,9.5,45.4,31,8.3,6.7,8.53,0.8499999999999996,0.20474137931034483,high,good,low
U0103,27,female,employed,hybrid,7.32,0.61,6.71,7.82,2,5.1,74.8,0,10.9,41.4,7.32,0.17999999999999972,0.06728232189973614,medium,good,low
U0104,23,female,self-employed,in-person,4.3,0.48,3.82,7.33,1,7.0,66.8,57,8.1,27.3,4.3,0.6699999999999999,0.10324483775811209,medium,good,low
U0105,28,male,student,remote,12.51,6.79,5.72,6.61,1,10.0,33.2,90,6.6,2.9,12.51,1.3899999999999997,0.29239766081871343,high,normal,low
U0106,33,male,employed,hybrid,4.89,0.62,4.27,7.66,1,4.3,68.3,230,2.0,39.9,4.89,0.33999999999999986,0.06204906204906205,medium,good,low
U0107,45,female,student,remote,11.1,4.95,6.15,6.14,1,9.5,36.1,177,4.6,8.8,11.100000000000001,1.8600000000000003,0.25606469002695414,high,normal,low
U0108,31,male,student,hybrid,10.84,0.58,10.26,6.69,1,10.0,36.4,109,14.9,0.3,10.84,1.3099999999999996,0.26737967914438504,high,normal,low
U0109,32,female,student,remote,13.9,5.84,8.06,6.22,2,10.0,26.0,53,3.0,8.7,13.9,1.7800000000000002,0.37037037037037035,high,normal,low
U0110,29,female,employed,remote,12.05,2.66,9.39,6.45,1,9.6,44.8,104,9.3,4.1,12.05,1.5499999999999998,0.20960698689956334,high,normal,low
U0111,16,male,employed,hybrid,6.34,0.35,5.99,7.33,2,5.0,86.8,77,20.0,54.7,6.34,0.6699999999999999,0.05694760820045558,medium,good,low
U0112,29,female,employed,in-person,11.04,0.85,10.19,6.79,1,10.0,42.3,212,0.0,4.7,11.04,1.21,0.2309468822170901,high,normal,low
U0113,30,female,student,remote,11.19,5.16,6.03,6.38,1,9.2,35.9,78,11.5,2.5,11.190000000000001,1.62,0.24932249322493225,high,normal,low
U0114,49,female,employed,hybrid,10.05,0.5,9.55,8.1,2,7.1,56.7,101,13.9,32.0,10.05,0.0,0.12305025996533794,high,good,low
U0115,28,female,employed,in-person,11.94,0.6,11.34,5.65,1,10.0,37.3,0,5.7,0.9,11.94,2.3499999999999996,0.26109660574412535,high,normal,medium
U0116,32,female,employed,remote,7.8,4.17,3.63,6.67,1,6.9,52.6,99,11.6,14.3,7.8,1.33,0.1287313432835821,medium,normal,low
U0117,29,female,employed,hybrid,11.23,2.25,8.98,8.93,2,9.3,55.1,149,0.0,28.6,11.23,0.0,0.1657754010695187,high,good,low
U0118,20,female,employed,hybrid,8.7,1.4,7.3,6.16,1,8.4,56.2,26,5.4,2.7,8.7,1.8399999999999999,0.14685314685314685,high,normal,low
U0120,36,male,employed,remote,10.12,4.82,5.3,7.53,1,10.0,47.2,156,12.6,5.0,10.120000000000001,0.46999999999999975,0.20746887966804978,high,good,low
U0121,36,male,student,hybrid,10.04,2.11,7.93,5.29,1,10.0,52.1,0,14.6,6.1,10.04,2.71,0.18832391713747645,high,normal,medium
U0122,22,male,student,in-person,6.42,0.32,6.1,7.17,1,6.7,73.0,190,15.4,42.7,6.42,0.8300000000000001,0.09054054054054055,medium,good,low
U0123,41,male,self-employed,in-person,9.58,2.08,7.5,8.79,2,6.6,80.4,69,3.8,30.5,9.58,0.0,0.08108108108108107,high,good,low
U0124,18,female,student,hybrid,7.77,1.17,6.6,5.88,1,10.0,40.9,78,17.0,0.0,7.77,2.12,0.23866348448687352,medium,normal,medium
U0125,34,female,self-employed,hybrid,7.85,1.44,6.41,5.68,1,8.1,70.8,34,10.5,8.7,7.85,2.3200000000000003,0.11281337047353761,medium,normal,medium
U0126,47,male,employed,hybrid,6.0,0.3,5.7,6.47,1,9.4,49.3,157,16.4,9.6,6.0,1.5300000000000002,0.18687872763419486,medium,normal,low
U0127,22,male,unemployed,in-person,9.23,0.73,8.5,7.65,2,4.8,67.4,271,7.9,52.1,9.23,0.34999999999999964,0.07017543859649122,high,good,low
U0128,25,male,employed,hybrid,11.27,1.99,9.28,7.56,3,8.9,59.5,143,6.6,41.2,11.27,0.4400000000000004,0.14710743801652892,high,good,low
U0129,30,female,retired,remote,9.05,5.35,3.7,6.63,1,10.0,40.9,43,7.6,0.9,9.05,1.37,0.23866348448687352,high,normal,low
U0130,25,female,employed,in-person,8.07,0.75,7.32,7.69,1,7.9,56.7,187,0.0,26.9,8.07,0.3099999999999996,0.1369150779896014,high,good,low
U0131,17,female,employed,hybrid,5.52,1.16,4.36,8.55,3,3.7,79.0,96,3.2,67.8,5.5200000000000005,0.0,0.04625,medium,good,low
U0132,30,female,employed,hybrid,10.27,0.96,9.31,8.29,3,8.3,60.0,193,10.8,33.5,10.27,0.0,0.1360655737704918,high,good,low
U0133,21,male,employed,remote,9.59,4.62,4.97,6.67,1,8.8,56.1,152,0.0,6.5,9.59,1.33,0.15411558669001751,high,normal,low
U0134,33,male,employed,hybrid,12.19,2.56,9.63,4.76,1,10.0,39.4,0,11.1,0.2,12.190000000000001,3.24,0.24752475247524752,high,poor,high
U0135,22,female,self-employed,remote,6.09,3.86,2.23,6.75,1,6.4,64.1,47,15.9,18.6,6.09,1.25,0.09831029185867897,medium,normal,low
U0136,42,non-binary/other,retired,hybrid,5.87,0.31,5.56,7.3,1,5.8,68.8,195,9.7,43.9,5.869999999999999,0.7000000000000002,0.0830945558739255,medium,good,low
U0137,23,male,employed,remote,9.65,3.25,6.4,6.68,1,10.0,50.5,107,5.8,4.7,9.65,1.3200000000000003,0.1941747572815534,high,normal,low
U0138,27,female,employed,hybrid,9.13,1.44,7.69,6.85,1,10.0,34.4,30,18.4,4.4,9.13,1.1500000000000004,0.2824858757062147,high,normal,low
U0139,36,female,employed,in-person,5.07,1.21,3.86,8.59,2,5.2,79.1,86,19.1,45.7,5.07,0.0,0.06491885143570537,medium,good,low
U0140,20,female,employed,remote,8.14,1.22,6.92,8.1,2,8.5,56.2,0,7.5,22.3,8.14,0.0,0.1486013986013986,high,good,low
U0141,31,female,student,in-person,11.85,1.91,9.94,6.5,1,10.0,41.2,81,10.4,2.5,11.85,1.5,0.23696682464454974,high,normal,low
U0142,40,female,student,remote,10.39,1.58,8.81,7.82,3,6.8,73.6,255,7.4,50.3,10.39,0.17999999999999972,0.09115281501340483,high,good,low
U0143,17,female,employed,in-person,3.76,0.78,2.98,7.99,2,2.9,79.6,185,10.0,60.1,3.76,0.009999999999999787,0.03598014888337469,low,good,low
U0144,31,female,employed,in-person,5.9,0.34,5.56,7.58,2,5.5,67.1,276,10.8,49.3,5.8999999999999995,0.41999999999999993,0.08076358296622614,medium,good,low
U0145,32,female,employed,hybrid,8.76,1.86,6.9,7.83,2,6.2,54.4,168,10.0,30.2,8.76,0.16999999999999993,0.11191335740072203,high,good,low
U0146,36,male,student,hybrid,12.18,1.91,10.27,6.69,1,10.0,36.4,160,11.2,0.0,12.18,1.3099999999999996,0.26737967914438504,high,normal,low
U0147,20,female,student,in-person,6.31,0.54,5.77,9.0,4,2.7,100.0,253,17.9,97.0,6.31,0.0,0.026732673267326736,medium,good,low
U0148,19,male,student,remote,8.7,4.17,4.53,5.83,1,10.0,44.2,127,0.0,8.0,8.7,2.17,0.22123893805309733,high,normal,medium
U0149,34,female,retired,remote,7.18,1.47,5.71,6.95,1,3.6,64.8,104,8.0,43.7,7.18,1.0499999999999998,0.0547112462006079,medium,normal,low
U0150,32,non-binary/other,employed,hybrid,9.11,0.93,8.18,6.95,1,9.0,45.4,177,0.7,20.3,9.11,1.0499999999999998,0.1939655172413793,high,normal,low
U0151,32,female,employed,in-person,7.47,0.37,7.1,7.65,1,10.0,37.9,216,15.5,1.7,7.47,0.34999999999999964,0.2570694087403599,medium,good,low
U0152,32,female,employed,in-person,8.97,1.93,7.04,8.09,2,8.2,51.0,72,6.7,29.9,8.97,0.0,0.1576923076923077,high,good,low
U0153,24,male,student,in-person,7.98,0.7,7.28,7.12,1,9.5,50.4,57,2.3,7.9,7.98,0.8799999999999999,0.18482490272373542,medium,good,low
U0154,31,male,unemployed,hybrid,7.22,1.48,5.74,6.19,1,7.9,48.5,125,14.3,9.6,7.220000000000001,1.8099999999999996,0.1595959595959596,medium,normal,low
U0155,32,male,employed,in-person,7.16,1.04,6.12,8.02,2,5.5,77.9,174,15.1,59.8,7.16,0.0,0.0697084917617237,medium,good,low
U0157,44,female,employed,hybrid,9.52,0.48,9.04,5.56,1,9.9,44.6,8,9.9,0.6,9.52,2.4400000000000004,0.21710526315789475,high,normal,medium
U0158,33,male,self-employed,remote,12.39,3.06,9.33,6.57,1,10.0,37.7,219,9.2,7.7,12.39,1.4299999999999997,0.25839793281653745,high,normal,low
U0159,20,male,unemployed,remote,8.8,4.08,4.72,5.71,1,7.8,58.2,55,17.8,16.0,8.8,2.29,0.13175675675675674,high,normal,medium
U0160,35,male,employed,hybrid,8.99,0.51,8.48,6.57,1,8.4,55.6,88,4.1,20.2,8.99,1.4299999999999997,0.14840989399293286,high,normal,low
U0161,22,male,employed,hybrid,9.69,1.16,8.53,6.14,1,10.0,45.5,33,10.5,0.0,9.69,1.8600000000000003,0.21505376344086022,high,normal,low
U0162,36,female,student,hybrid,9.75,0.49,9.26,7.64,2,10.0,52.8,291,6.1,13.0,9.75,0.3600000000000003,0.1858736059479554,high,good,low
U0163,39,male,retired,remote,12.67,6.76,5.91,6.68,2,10.0,43.7,103,2.4,16.7,12.67,1.3200000000000003,0.22371364653243847,high,normal,low
U0164,23,female,student,remote,12.06,6.27,5.79,5.49,1,10.0,43.2,23,4.1,0.0,12.059999999999999,2.51,0.2262443438914027,high,normal,medium
U0165,37,female,unemployed,remote,7.64,3.89,3.75,8.03,2,5.1,70.1,176,13.7,48.9,7.640000000000001,0.0,0.07172995780590717,medium,good,low
U0166,33,female,employed,hybrid,10.26,1.07,9.19,5.74,1,10.0,42.6,152,11.8,0.0,10.26,2.26,0.2293577981651376,high,normal,medium
U0167,36,female,employed,remote,5.57,1.06,4.51,7.89,3,6.7,73.2,114,15.4,58.5,5.57,0.11000000000000032,0.09029649595687332,medium,good,low
U0168,45,female,employed,remote,8.32,2.99,5.33,6.65,1,8.3,49.6,174,10.1,22.6,8.32,1.3499999999999996,0.16403162055335968,high,normal,low
U0169,28,female,student,hybrid,10.63,1.09,9.54,6.49,1,6.9,50.3,35,9.4,18.0,10.629999999999999,1.5099999999999998,0.1345029239766082,high,normal,low
U0170,23,male,student,hybrid,11.09,1.18,9.91,7.07,1,10.0,44.2,53,5.5,0.0,11.09,0.9299999999999997,0.22123893805309733,high,good,low
U0171,22,female,student,hybrid,6.55,0.33,6.22,7.75,1,8.7,61.2,0,2.6,19.9,6.55,0.25,0.13987138263665594,medium,good,low
U0172,23,male,student,remote,10.33,4.76,5.57,7.85,1,7.9,57.9,0,5.2,28.3,10.33,0.15000000000000036,0.134125636672326,high,good,low
U0173,29,female,employed,hybrid,9.98,1.34,8.64,6.83,1,10.0,35.5,224,10.0,8.3,9.98,1.17,0.273972602739726,high,normal,low
U0174,32,female,employed,in-person,7.99,0.4,7.59,7.47,1,9.1,57.4,226,9.6,28.9,7.99,0.5300000000000002,0.15582191780821916,medium,good,low
U0175,32,male,student,remote,11.22,3.89,7.33,6.39,1,10.0,39.3,96,7.2,0.0,11.22,1.6100000000000003,0.24813895781637718,high,normal,low
U0176,36,female,unemployed,hybrid,4.1,0.21,3.89,7.99,1,4.1,79.1,253,7.8,45.3,4.1000000000000005,0.009999999999999787,0.05118601747815231,medium,good,low
U0177,30,female,self-employed,remote,10.48,5.65,4.83,7.18,1,10.0,36.8,84,23.9,0.0,10.48,0.8200000000000003,0.2645502645502646,high,good,low
U0178,41,female,unemployed,remote,8.57,1.57,7.0,7.15,1,8.3,52.8,95,10.7,17.4,8.57,0.8499999999999996,0.154275092936803,high,good,low
U0179,27,female,retired,remote,8.16,2.48,5.68,5.7,1,6.3,62.4,111,11.1,30.0,8.16,2.3,0.09936908517350157,high,normal,medium
U0181,35,female,employed,hybrid,4.56,0.57,3.99,8.06,2,6.3,75.6,118,9.6,47.3,4.5600000000000005,0.0,0.08224543080939949,medium,good,low
U0182,23,male,employed,hybrid,9.88,1.74,8.14,6.3,1,10.0,51.3,175,10.6,15.0,9.88,1.7000000000000002,0.19120458891013387,high,normal,low
U0183,21,female,employed,hybrid,7.35,0.94,6.41,6.18,1,8.0,53.9,120,10.2,8.2,7.35,1.8200000000000003,0.14571948998178508,medium,normal,low
U0184,33,male,student,in-person,6.92,0.5,6.42,8.57,2,5.7,79.0,168,0.0,44.5,6.92,0.0,0.07125000000000001,medium,good,low
U0185,28,male,self-employed,in-person,7.05,0.35,6.7,7.72,1,6.8,59.1,187,0.0,32.0,7.05,0.28000000000000025,0.11314475873544093,medium,good,low
U0186,35,male,student,hybrid,12.92,2.51,10.41,6.33,1,10.0,43.7,110,1.8,0.2,12.92,1.67,0.22371364653243847,high,normal,low
U0187,33,female,student,in-person,11.06,2.88,8.18,5.86,1,10.0,28.1,25,7.4,0.0,11.059999999999999,2.1399999999999997,0.3436426116838488,high,normal,medium
U0188,29,female,employed,remote,10.75,6.43,4.32,6.12,1,7.4,66.8,0,7.8,28.6,10.75,1.88,0.10914454277286137,high,normal,low
U0189,23,female,employed,remote,12.27,6.71,5.56,7.53,1,10.0,48.6,91,12.5,0.0,12.27,0.46999999999999975,0.20161290322580644,high,good,low
U0190,17,male,employed,remote,13.51,2.03,11.48,6.35,1,10.0,36.0,58,0.0,0.0,13.51,1.6500000000000004,0.2702702702702703,high,normal,low
U0191,26,male,student,hybrid,10.19,0.84,9.35,6.39,1,10.0,30.9,101,3.4,0.0,10.19,1.6100000000000003,0.31347962382445144,high,normal,low
U0192,36,male,self-employed,in-person,7.02,0.71,6.31,7.81,2,6.4,69.6,118,15.6,36.1,7.02,0.1900000000000004,0.09065155807365441,medium,good,low
U0193,31,female,employed,remote,7.34,2.24,5.1,6.66,1,9.1,41.9,295,9.4,16.1,7.34,1.3399999999999999,0.21212121212121213,medium,normal,low
U0194,20,male,student,in-person,10.4,0.54,9.86,7.94,1,10.0,45.1,0,10.7,0.0,10.399999999999999,0.05999999999999961,0.21691973969631237,high,good,low
U0195,31,male,self-employed,remote,10.82,4.01,6.81,7.87,2,10.0,50.2,0,16.3,19.3,10.82,0.1299999999999999,0.1953125,high,good,low
U0196,33,female,unemployed,in-person,5.85,0.58,5.27,7.18,1,7.4,54.0,148,2.0,20.3,5.85,0.8200000000000003,0.13454545454545455,medium,good,low
U0197,22,female,self-employed,remote,10.95,2.64,8.31,6.17,1,10.0,48.3,62,5.8,7.6,10.950000000000001,1.83,0.20283975659229211,high,normal,low
U0198,31,male,self-employed,remote,8.08,3.75,4.33,5.1,1,7.0,62.7,132,5.6,30.6,8.08,2.9000000000000004,0.10989010989010989,high,normal,medium
U0199,30,male,employed,hybrid,11.65,0.58,11.07,5.47,1,10.0,46.4,129,0.0,0.8,11.65,2.5300000000000002,0.2109704641350211,high,normal,medium
U0200,20,male,employed,hybrid,8.93,1.62,7.31,5.89,1,10.0,44.7,189,6.9,0.0,8.93,2.1100000000000003,0.2188183807439825,high,normal,medium
U0201,32,female,student,remote,11.79,7.06,4.73,6.76,1,10.0,31.8,0,12.2,0.0,11.79,1.2400000000000002,0.30487804878048785,high,normal,low
U0202,34,male,employed,hybrid,6.09,0.59,5.5,7.27,2,8.5,66.7,84,11.9,27.5,6.09,0.7300000000000004,0.12555391432791727,medium,good,low
U0203,38,female,employed,in-person,8.64,1.15,7.49,6.11,1,6.6,57.0,140,12.8,29.4,8.64,1.8899999999999997,0.11379310344827585,high,normal,low
U0204,38,female,employed,hybrid,7.71,0.87,6.84,7.1,1,6.4,52.5,170,7.4,24.6,7.71,0.9000000000000004,0.11962616822429907,medium,good,low
U0205,18,female,employed,hybrid,10.68,0.88,9.8,7.08,1,10.0,50.1,241,3.1,6.2,10.680000000000001,0.9199999999999999,0.19569471624266144,high,good,low
U0206,22,male,employed,hybrid,8.73,0.65,8.08,7.43,1,9.4,59.9,169,13.1,26.0,8.73,0.5700000000000003,0.15435139573070608,high,good,low
U0207,34,male,student,hybrid,7.3,0.72,6.58,5.83,1,9.8,47.6,112,6.4,0.0,7.3,2.17,0.20164609053497942,medium,normal,medium
U0208,34,male,student,remote,10.89,7.48,3.41,6.7,1,10.0,54.6,32,9.5,9.8,10.89,1.2999999999999998,0.17985611510791366,high,normal,low
U0209,34,female,employed,hybrid,11.14,1.56,9.58,5.66,1,9.6,43.4,54,10.4,0.0,11.14,2.34,0.21621621621621623,high,normal,medium
U0210,60,male,student,remote,12.56,2.93,9.63,7.54,1,10.0,36.9,56,15.9,0.0,12.56,0.45999999999999996,0.2638522427440633,high,good,low
U0211,34,female,self-employed,remote,11.96,6.74,5.22,7.27,1,9.3,39.1,134,10.2,3.3,11.96,0.7300000000000004,0.2319201995012469,high,good,low
U0212,39,male,employed,hybrid,11.15,0.56,10.59,6.1,1,9.2,54.3,114,0.1,6.5,11.15,1.9000000000000004,0.16636528028933092,high,normal,low
U0213,37,female,employed,remote,5.28,3.59,1.69,7.07,2,6.5,65.4,37,4.5,38.8,5.279999999999999,0.9299999999999997,0.09789156626506024,medium,good,low
U0214,35,female,employed,hybrid,7.32,1.08,6.24,6.98,1,9.2,54.6,86,13.3,19.1,7.32,1.0199999999999996,0.16546762589928055,medium,normal,low
U0215,27,female,self-employed,hybrid,9.39,0.47,8.92,5.16,1,10.0,40.6,162,9.0,5.9,9.39,2.84,0.24038461538461536,high,normal,medium
U0216,36,female,employed,remote,11.12,4.7,6.42,7.06,1,8.3,45.4,119,4.3,13.0,11.120000000000001,0.9400000000000004,0.1788793103448276,high,good,low
U0219,26,female,employed,in-person,11.64,0.68,10.96,5.74,1,10.0,38.1,200,7.4,15.9,11.64,2.26,0.2557544757033248,high,normal,medium
U0220,30,male,self-employed,hybrid,9.13,0.98,8.15,6.54,1,8.4,57.5,120,12.1,14.5,9.13,1.46,0.1435897435897436,high,normal,low
U0221,48,female,employed,in-person,7.48,0.48,7.0,6.25,1,6.4,70.8,95,4.1,29.2,7.48,1.75,0.08913649025069639,medium,normal,low
U0222,16,male,employed,hybrid,10.03,1.22,8.81,5.95,1,10.0,46.8,27,15.1,0.0,10.030000000000001,2.05,0.2092050209205021,high,normal,medium
U0223,35,male,self-employed,remote,5.5,1.97,3.53,6.68,1,5.4,64.2,145,6.3,32.1,5.5,1.3200000000000003,0.08282208588957056,medium,normal,low
U0224,17,male,self-employed,hybrid,9.53,2.23,7.3,7.64,2,10.0,46.6,0,8.4,0.0,9.53,0.3600000000000003,0.21008403361344538,high,good,low
U0225,26,female,employed,in-person,8.16,0.92,7.24,6.58,1,7.4,56.6,94,17.3,23.2,8.16,1.42,0.12847222222222224,high,normal,low
U0226,38,male,self-employed,hybrid,9.32,0.8,8.52,7.18,1,7.4,56.3,92,0.0,15.5,9.32,0.8200000000000003,0.12914485165794068,high,good,low
U0227,30,male,employed,in-person,7.42,1.06,6.36,6.98,2,3.5,72.9,18,9.0,43.2,7.42,1.0199999999999996,0.04736129905277402,medium,normal,low
U0228,21,female,employed,in-person,8.06,1.85,6.21,6.09,1,8.4,56.6,40,12.6,18.9,8.06,1.9100000000000001,0.14583333333333334,high,normal,low
U0229,24,female,employed,remote,9.51,2.33,7.18,6.78,1,8.8,49.0,155,11.1,5.7,9.51,1.2199999999999998,0.17600000000000002,high,normal,low
U0230,35,male,employed,remote,11.85,6.4,5.45,7.15,1,9.3,32.7,106,4.7,0.0,11.850000000000001,0.8499999999999996,0.27596439169139464,high,good,low
U0231,24,male,student,hybrid,10.64,1.25,9.39,5.78,1,10.0,36.5,98,3.1,8.6,10.64,2.2199999999999998,0.26666666666666666,high,normal,medium
U0232,31,male,self-employed,hybrid,7.51,0.73,6.78,7.93,2,7.8,58.5,135,12.2,20.1,7.51,0.07000000000000028,0.13109243697478992,medium,good,low
U0233,30,male,self-employed,in-person,6.2,0.31,5.89,6.79,1,6.9,60.7,127,14.2,16.5,6.199999999999999,1.21,0.11183144246353323,medium,normal,low
U0234,24,male,student,in-person,7.26,0.96,6.3,6.86,1,9.9,58.8,198,3.1,13.3,7.26,1.1399999999999997,0.16555183946488294,medium,normal,low
U0235,47,female,self-employed,remote,10.23,3.11,7.12,7.46,1,10.0,44.1,114,0.7,10.1,10.23,0.54,0.22172949002217293,high,good,low
U0236,35,female,student,remote,10.18,5.4,4.78,6.39,1,8.9,42.1,0,8.1,0.0,10.18,1.6100000000000003,0.20649651972157773,high,normal,low
U0237,16,female,employed,in-person,8.98,1.47,7.51,6.94,1,7.6,55.5,211,7.3,24.7,8.98,1.0599999999999996,0.13451327433628318,high,normal,low
U0238,31,male,employed,hybrid,10.39,0.96,9.43,6.6,2,10.0,46.3,122,6.3,15.8,10.39,1.4000000000000004,0.21141649048625794,high,normal,low
U0239,24,female,student,in-person,8.71,0.48,8.23,7.14,1,9.6,48.5,61,10.9,0.0,8.71,0.8600000000000003,0.19393939393939394,high,good,low
U0240,36,male,self-employed,hybrid,9.04,0.45,8.59,5.2,1,9.5,49.9,19,7.3,10.5,9.04,2.8,0.18664047151277013,high,normal,medium
U0241,23,male,self-employed,hybrid,7.05,1.19,5.86,5.81,1,6.4,69.1,140,0.0,37.1,7.050000000000001,2.1900000000000004,0.09129814550641942,medium,normal,medium
U0242,29,male,employed,remote,7.76,2.5,5.26,7.72,2,7.9,60.6,103,2.4,26.2,7.76,0.28000000000000025,0.12824675324675325,medium,good,low
U0243,34,female,student,hybrid,6.86,0.72,6.14,8.24,2,5.2,82.7,229,10.0,61.1,6.859999999999999,0.0,0.06212664277180406,medium,good,low
U0244,36,male,employed,hybrid,10.39,0.57,9.82,6.17,1,10.0,47.9,74,6.4,10.6,10.39,1.83,0.20449897750511248,high,normal,low
U0245,20,female,employed,hybrid,10.13,0.51,9.62,6.59,1,10.0,38.6,34,0.0,0.0,10.129999999999999,1.4100000000000001,0.25252525252525254,high,normal,low
U0246,27,male,retired,remote,8.8,6.69,2.11,7.29,2,6.8,76.9,166,0.0,39.0,8.8,0.71,0.08729139922978177,high,good,low
U0247,26,female,employed,in-person,8.45,1.83,6.62,7.65,2,5.2,72.5,170,8.3,42.2,8.45,0.34999999999999964,0.0707482993197279,high,good,low
U0248,24,female,employed,in-person,10.13,2.55,7.58,5.2,1,8.5,43.8,106,14.5,10.2,10.129999999999999,2.8,0.18973214285714288,high,normal,medium
U0249,44,male,employed,remote,9.61,5.75,3.86,6.39,2,10.0,59.5,155,8.7,21.8,9.61,1.6100000000000003,0.1652892561983471,high,normal,low
U0250,33,female,employed,remote,12.69,5.84,6.85,6.26,1,10.0,51.4,81,11.1,3.4,12.69,1.7400000000000002,0.19083969465648856,high,normal,low
U0251,19,female,employed,remote,11.19,4.91,6.28,7.17,1,10.0,41.0,102,6.0,0.0,11.190000000000001,0.8300000000000001,0.23809523809523808,high,good,low
U0253,46,male,employed,hybrid,13.66,0.79,12.87,6.33,1,10.0,36.5,128,7.2,1.7,13.66,1.67,0.26666666666666666,high,normal,low
U0254,38,male,employed,hybrid,9.8,0.65,9.15,5.88,1,8.6,53.2,91,9.9,11.0,9.8,2.12,0.15867158671586715,high,normal,medium
U0255,17,male,unemployed,remote,6.42,4.43,1.99,7.63,1,7.6,65.6,208,8.4,31.3,6.42,0.3700000000000001,0.11411411411411412,medium,good,low
U0256,26,male,employed,hybrid,9.26,0.46,8.8,8.03,2,7.1,65.1,0,0.0,40.4,9.260000000000002,0.0,0.10741301059001514,high,good,low
U0257,40,female,employed,hybrid,9.66,1.16,8.5,7.14,1,8.4,50.5,249,5.1,0.4,9.66,0.8600000000000003,0.16310679611650486,high,good,low
U0259,33,female,student,in-person,8.87,1.0,7.87,7.87,1,8.5,48.8,62,10.6,2.8,8.870000000000001,0.1299999999999999,0.1706827309236948,high,good,low
U0260,36,male,unemployed,remote,8.89,2.93,5.96,7.66,2,7.8,65.7,105,13.3,33.6,8.89,0.33999999999999986,0.1169415292353823,high,good,low
U0261,22,male,employed,hybrid,7.83,1.79,6.04,6.32,2,7.4,60.9,97,5.9,31.3,7.83,1.6799999999999997,0.11954765751211632,medium,normal,low
U0262,29,female,student,remote,14.18,2.4,11.78,6.57,1,7.8,48.1,143,5.3,20.4,14.18,1.4299999999999997,0.15885947046843177,high,normal,low
U0263,16,female,employed,hybrid,7.64,0.55,7.09,7.91,1,6.9,58.3,31,11.0,19.3,7.64,0.08999999999999986,0.11635750421585161,medium,good,low
U0264,21,male,employed,in-person,8.86,0.68,8.18,7.93,1,8.5,50.4,119,12.1,2.1,8.86,0.07000000000000028,0.16536964980544747,high,good,low
U0265,27,female,student,hybrid,8.08,1.42,6.66,7.1,1,10.0,43.6,68,8.3,0.0,8.08,0.9000000000000004,0.22421524663677128,high,good,low
U0266,20,male,employed,in-person,7.95,0.88,7.07,6.82,1,6.7,67.3,126,10.8,31.8,7.95,1.1799999999999997,0.09809663250366032,medium,normal,low
U0267,43,female,employed,remote,9.23,6.1,3.13,8.13,2,8.4,52.2,105,8.6,28.3,9.23,0.0,0.15789473684210525,high,good,low
U0268,18,male,employed,remote,9.2,2.55,6.65,5.93,1,10.0,39.8,103,8.5,0.0,9.2,2.0700000000000003,0.2450980392156863,high,normal,medium
U0269,26,female,student,hybrid,11.55,0.58,10.97,6.98,1,9.3,56.2,48,7.2,16.1,11.55,1.0199999999999996,0.1625874125874126,high,normal,low
U0270,31,male,self-employed,hybrid,6.15,0.37,5.78,6.39,1,7.5,64.6,86,9.3,19.4,6.15,1.6100000000000003,0.11432926829268293,medium,normal,low
U0271,41,male,retired,remote,9.01,2.73,6.28,8.01,2,6.8,49.0,130,10.1,31.8,9.01,0.0,0.136,high,good,low
U0272,18,male,unemployed,remote,5.87,3.68,2.19,7.19,1,5.9,62.2,183,15.2,29.6,5.87,0.8099999999999996,0.09335443037974683,medium,good,low
U0273,39,male,employed,remote,10.13,5.13,5.0,7.99,2,7.7,47.1,60,10.4,23.7,10.129999999999999,0.009999999999999787,0.1600831600831601,high,good,low
U0274,30,male,student,in-person,10.57,0.53,10.04,7.21,3,7.0,60.4,34,0.7,44.1,10.569999999999999,0.79,0.11400651465798047,high,good,low
U0275,22,male,employed,remote,12.39,5.27,7.12,5.48,1,10.0,20.6,123,7.7,0.0,12.39,2.5199999999999996,0.4629629629629629,high,normal,medium
U0277,31,male,student,remote,9.94,1.11,8.83,8.16,2,10.0,42.2,157,0.8,12.7,9.94,0.0,0.23148148148148145,high,good,low
U0278,25,male,employed,hybrid,4.47,1.04,3.43,8.39,3,3.9,88.1,65,9.8,80.5,4.470000000000001,0.0,0.04377104377104377,medium,good,low
U0279,30,female,employed,remote,10.54,6.2,4.34,6.21,1,8.0,40.4,0,6.0,3.7,10.54,1.79,0.1932367149758454,high,normal,low
U0280,26,male,employed,hybrid,7.24,0.67,6.57,7.03,1,8.4,54.0,75,2.1,26.5,7.24,0.9699999999999998,0.15272727272727274,medium,good,low
U0281,30,male,employed,remote,9.07,3.61,5.46,7.16,1,10.0,41.9,50,5.6,12.8,9.07,0.8399999999999999,0.23310023310023312,high,good,low
U0282,35,male,employed,in-person,9.51,1.26,8.25,6.46,2,7.1,70.3,98,5.7,35.2,9.51,1.54,0.09957924263674614,high,normal,low
U0283,42,female,employed,remote,14.09,7.1,6.99,7.76,2,10.0,51.3,35,3.3,10.4,14.09,0.2400000000000002,0.19120458891013387,high,good,low
U0284,20,female,retired,hybrid,5.59,1.48,4.11,7.58,2,6.3,75.1,171,13.4,39.4,5.59,0.41999999999999993,0.08278580814717477,medium,good,low
U0286,16,male,employed,hybrid,8.38,0.42,7.96,7.27,2,6.9,75.7,111,5.1,30.9,8.38,0.7300000000000004,0.08996088657105607,high,good,low
U0287,28,female,student,remote,9.26,3.6,5.66,6.71,1,7.8,43.6,112,5.8,13.5,9.26,1.29,0.1748878923766816,high,normal,low
U0288,34,male,employed,hybrid,12.73,2.63,10.1,6.47,1,10.0,30.5,97,0.0,6.4,12.73,1.5300000000000002,0.31746031746031744,high,normal,low
U0289,32,male,employed,hybrid,10.2,0.51,9.69,6.6,1,10.0,42.2,96,12.5,0.0,10.2,1.4000000000000004,0.23148148148148145,high,normal,low
U0290,25,female,student,hybrid,11.67,2.83,8.84,7.25,1,8.6,59.6,121,7.1,15.2,11.67,0.75,0.1419141914191419,high,good,low
U0291,28,male,student,in-person,9.75,2.51,7.24,7.81,2,5.5,66.2,43,5.3,30.6,9.75,0.1900000000000004,0.0818452380952381,high,good,low
U0292,26,female,employed,hybrid,5.03,0.89,4.14,7.83,1,6.2,64.6,224,12.7,35.4,5.029999999999999,0.16999999999999993,0.09451219512195123,medium,good,low
U0293,25,female,employed,hybrid,8.88,0.44,8.44,6.75,1,8.4,42.4,86,7.3,11.4,8.879999999999999,1.25,0.19354838709677422,high,normal,low
U0294,36,female,employed,in-person,11.12,1.17,9.95,6.76,1,10.0,47.0,2,3.1,2.0,11.12,1.2400000000000002,0.20833333333333334,high,normal,low
U0295,32,male,unemployed,hybrid,5.35,0.31,5.04,7.63,2,6.5,75.7,140,10.6,40.7,5.35,0.3700000000000001,0.0847457627118644,medium,good,low
U0296,24,female,student,remote,10.38,4.83,5.55,6.14,1,9.5,49.2,33,1.8,4.0,10.379999999999999,1.8600000000000003,0.1892430278884462,high,normal,low
U0297,37,female,employed,hybrid,10.79,0.54,10.25,7.31,1,7.8,46.8,143,5.9,19.1,10.79,0.6900000000000004,0.16317991631799164,high,good,low
U0298,32,female,unemployed,in-person,7.38,1.53,5.85,7.68,2,9.8,49.5,269,6.9,18.1,7.38,0.3200000000000003,0.19405940594059407,medium,good,low
U0299,36,male,employed,remote,10.13,2.61,7.52,8.17,1,8.6,40.6,45,7.3,9.0,10.129999999999999,0.0,0.20673076923076922,high,good,low
U0300,35,male,employed,hybrid,6.4,0.54,5.86,8.49,1,5.5,66.9,145,8.6,36.9,6.4,0.0,0.08100147275405006,medium,good,low
U0301,23,female,employed,remote,8.62,3.15,5.47,6.49,1,10.0,38.6,0,15.5,4.9,8.62,1.5099999999999998,0.25252525252525254,high,normal,low
U0302,25,female,employed,hybrid,11.05,0.81,10.24,7.35,1,10.0,34.4,121,6.4,3.6,11.05,0.6500000000000004,0.2824858757062147,high,good,low
U0303,35,male,retired,remote,8.55,2.65,5.9,6.41,1,8.7,47.8,47,0.0,10.7,8.55,1.5899999999999999,0.17827868852459017,high,normal,low
U0304,34,female,employed,hybrid,10.36,0.52,9.84,7.44,2,9.8,46.3,54,0.0,20.7,10.36,0.5599999999999996,0.20718816067653278,high,good,low
U0305,29,female,self-employed,hybrid,6.82,0.98,5.84,6.95,1,9.1,48.1,39,8.2,10.0,6.82,1.0499999999999998,0.18533604887983707,medium,normal,low
U0306,30,female,student,remote,12.63,1.68,10.95,5.69,1,10.0,41.9,133,1.9,10.7,12.629999999999999,2.3099999999999996,0.23310023310023312,high,normal,medium
U0307,40,female,student,hybrid,10.07,1.71,8.36,7.21,1,10.0,43.4,173,6.5,8.1,10.07,0.79,0.22522522522522523,high,good,low
U0308,25,female,student,in-person,10.44,1.87,8.57,4.64,1,7.1,52.2,94,5.5,9.4,10.440000000000001,3.3600000000000003,0.13345864661654133,high,poor,high
U0309,34,female,employed,in-person,7.77,1.38,6.39,5.87,1,9.4,49.8,53,5.6,14.8,7.77,2.13,0.18503937007874016,medium,normal,medium
U0310,28,female,employed,remote,8.45,2.96,5.49,6.97,2,6.3,60.2,218,0.0,39.6,8.45,1.0300000000000002,0.10294117647058823,high,normal,low
U0311,28,male,self-employed,remote,7.77,3.57,4.2,7.28,2,9.1,56.6,58,5.7,19.0,7.77,0.7199999999999998,0.1579861111111111,medium,good,low
U0312,38,female,employed,remote,8.56,3.17,5.39,6.9,1,9.1,49.7,0,11.4,8.8,8.559999999999999,1.0999999999999996,0.17948717948717946,high,normal,low
U0313,36,male,unemployed,in-person,5.18,0.73,4.45,6.42,1,5.1,60.8,162,8.2,33.6,5.18,1.58,0.0825242718446602,medium,normal,low
U0314,36,male,student,in-person,9.55,1.33,8.22,6.37,1,10.0,49.6,26,0.0,4.6,9.55,1.63,0.1976284584980237,high,normal,low
U0315,40,female,self-employed,hybrid,9.73,1.55,8.18,7.35,1,10.0,38.1,174,7.8,0.0,9.73,0.6500000000000004,0.2557544757033248,high,good,low
U0316,30,male,employed,in-person,6.71,1.59,5.12,7.86,1,8.3,55.3,91,16.2,23.3,6.71,0.13999999999999968,0.1474245115452931,medium,good,low
U0317,35,female,employed,hybrid,7.17,1.87,5.3,7.36,2,5.0,80.2,160,9.2,51.1,7.17,0.6399999999999997,0.06157635467980296,medium,good,low
U0318,27,male,self-employed,hybrid,7.77,0.39,7.38,8.13,2,6.3,72.7,208,0.0,41.2,7.77,0.0,0.08548168249660787,medium,good,low
U0319,32,female,employed,remote,11.71,3.83,7.88,6.98,1,10.0,40.6,4,10.3,0.0,11.71,1.0199999999999996,0.24038461538461536,high,normal,low
U0320,28,female,employed,in-person,10.02,0.5,9.52,6.28,1,10.0,40.8,57,0.0,2.1,10.02,1.7199999999999998,0.23923444976076558,high,normal,low
U0321,30,female,student,remote,13.4,4.99,8.41,6.17,1,10.0,43.6,72,14.1,3.1,13.4,1.83,0.22421524663677128,high,normal,low
U0322,34,non-binary/other,student,in-person,9.01,0.45,8.56,5.97,1,6.2,63.7,214,10.6,34.9,9.01,2.0300000000000002,0.09582689335394126,high,normal,medium
U0323,23,female,unemployed,in-person,3.64,0.29,3.35,7.7,3,3.0,88.8,87,0.0,65.3,3.64,0.2999999999999998,0.0334075723830735,low,good,low
U0324,46,male,employed,in-person,9.17,0.46,8.71,8.07,2,7.7,54.7,69,8.1,16.2,9.170000000000002,0.0,0.13824057450628366,high,good,low
U0325,21,female,employed,remote,11.2,4.76,6.44,7.18,2,8.5,40.8,120,7.7,21.3,11.2,0.8200000000000003,0.20334928229665072,high,good,low
U0326,20,male,employed,hybrid,9.78,1.49,8.29,7.95,1,8.7,49.5,54,1.9,19.3,9.78,0.04999999999999982,0.17227722772277226,high,good,low
U0327,39,female,student,remote,8.12,5.53,2.59,7.03,1,8.2,52.5,124,5.7,9.7,8.120000000000001,0.9699999999999998,0.15327102803738316,high,good,low
U0328,36,male,student,remote,9.61,3.45,6.16,8.1,2,3.1,84.0,0,2.0,68.4,9.61,0.0,0.036470588235294116,high,good,low
U0329,34,female,employed,remote,13.08,2.05,11.03,6.32,1,10.0,40.5,237,7.9,6.6,13.079999999999998,1.6799999999999997,0.24096385542168675,high,normal,low
U0330,35,female,employed,in-person,10.7,2.18,8.52,8.02,2,8.0,64.0,2,3.1,26.4,10.7,0.0,0.12307692307692308,high,good,low
U0331,29,female,student,remote,10.31,6.31,4.0,6.83,1,10.0,38.4,73,0.0,0.0,10.309999999999999,1.17,0.25380710659898476,high,normal,low
U0332,22,female,employed,hybrid,10.6,1.33,9.27,7.3,2,8.1,62.5,88,5.3,19.1,10.6,0.7000000000000002,0.12755905511811022,high,good,low
U0333,30,male,student,remote,11.1,3.99,7.11,7.92,3,8.2,57.4,225,10.0,42.3,11.100000000000001,0.08000000000000007,0.14041095890410957,high,good,low
U0334,24,female,employed,hybrid,10.12,2.4,7.72,6.67,1,10.0,47.5,2,6.6,0.0,10.12,1.33,0.20618556701030927,high,normal,low
U0335,37,male,employed,hybrid,6.85,0.41,6.44,7.62,2,7.8,53.8,259,17.5,25.1,6.8500000000000005,0.3799999999999999,0.14233576642335766,medium,good,low
U0336,28,female,employed,hybrid,9.72,0.67,9.05,7.95,1,10.0,44.8,152,4.4,10.4,9.72,0.04999999999999982,0.2183406113537118,high,good,low
U0337,23,male,employed,in-person,10.6,2.29,8.31,6.63,1,9.7,31.4,120,9.5,0.0,10.600000000000001,1.37,0.2993827160493827,high,normal,low
U0338,27,female,employed,hybrid,11.54,0.95,10.59,5.58,1,10.0,39.1,18,6.7,0.0,11.54,2.42,0.24937655860349126,high,normal,medium
U0339,33,female,student,in-person,11.28,2.5,8.78,8.45,3,8.3,62.5,132,6.4,35.4,11.28,0.0,0.13070866141732285,high,good,low
U0340,25,male,student,in-person,8.89,0.94,7.95,6.64,1,8.8,46.3,52,8.1,10.3,8.89,1.3600000000000003,0.186046511627907,high,normal,low
U0341,23,female,employed,remote,9.14,2.87,6.27,7.09,1,9.9,38.4,188,4.7,6.2,9.14,0.9100000000000001,0.25126903553299496,high,good,low
U0342,31,female,employed,in-person,9.43,0.47,8.96,7.92,1,8.6,54.5,34,10.8,10.6,9.430000000000001,0.08000000000000007,0.15495495495495495,high,good,low
U0343,31,male,employed,remote,4.96,2.68,2.28,7.18,1,8.2,57.1,121,1.4,32.8,4.96,0.8200000000000003,0.14113597246127366,medium,good,low
U0344,25,male,employed,in-person,4.48,1.11,3.37,6.87,1,5.3,67.1,90,4.8,34.0,4.48,1.13,0.07782672540381792,medium,normal,low
U0345,26,female,employed,hybrid,6.34,0.78,5.56,7.61,2,6.8,67.5,49,7.0,33.6,6.34,0.3899999999999997,0.09927007299270073,medium,good,low
U0346,31,female,self-employed,in-person,10.42,2.58,7.84,5.41,1,10.0,58.2,148,15.3,4.9,10.42,2.59,0.16891891891891891,high,normal,medium
U0347,18,male,employed,in-person,6.85,0.44,6.41,7.02,1,9.0,58.6,148,9.6,15.6,6.8500000000000005,0.9800000000000004,0.15100671140939598,medium,good,low
U0348,18,female,student,in-person,9.39,1.37,8.02,7.07,1,7.4,61.3,180,7.5,28.5,9.39,0.9299999999999997,0.1187800963081862,high,good,low
U0349,24,female,employed,in-person,6.67,0.53,6.14,7.12,1,8.0,58.6,0,3.5,23.4,6.67,0.8799999999999999,0.1342281879194631,medium,good,low
U0350,28,female,student,remote,10.19,5.48,4.71,5.62,1,10.0,43.7,170,8.1,0.0,10.190000000000001,2.38,0.22371364653243847,high,normal,medium
U0351,32,male,student,remote,13.59,5.85,7.74,7.66,1,10.0,23.2,253,6.0,0.0,13.59,0.33999999999999986,0.4132231404958678,high,good,low
U0353,36,female,student,remote,14.02,7.36,6.66,7.5,1,10.0,34.1,210,1.8,5.2,14.02,0.5,0.2849002849002849,high,good,low
U0354,28,female,employed,hybrid,7.06,1.54,5.52,7.11,1,9.1,39.8,96,5.6,5.6,7.06,0.8899999999999997,0.22303921568627452,medium,good,low
U0355,29,female,employed,hybrid,9.87,2.41,7.46,6.21,1,8.8,41.1,2,7.1,8.5,9.870000000000001,1.79,0.20902612826603326,high,normal,low
U0356,21,male,employed,in-person,6.97,0.35,6.62,7.48,1,7.1,47.3,90,6.5,13.6,6.97,0.5199999999999996,0.14699792960662525,medium,good,low
U0357,29,female,employed,hybrid,12.02,2.21,9.81,6.41,1,10.0,39.7,159,11.7,12.0,12.02,1.5899999999999999,0.24570024570024568,high,normal,low
U0358,27,female,student,in-person,6.9,0.77,6.13,6.39,1,7.4,63.0,56,1.5,28.3,6.9,1.6100000000000003,0.115625,medium,normal,low
U0359,32,male,employed,remote,5.74,1.57,4.17,8.73,2,4.3,84.8,83,12.2,47.2,5.74,0.0,0.05011655011655012,medium,good,low
U0360,23,female,employed,in-person,10.97,1.43,9.54,6.19,1,9.5,46.0,130,12.3,0.4,10.969999999999999,1.8099999999999996,0.20212765957446807,high,normal,low
U0361,34,male,student,in-person,10.24,0.51,9.73,5.43,1,10.0,36.9,99,6.6,0.0,10.24,2.5700000000000003,0.2638522427440633,high,normal,medium
U0362,42,female,employed,hybrid,6.26,0.94,5.32,8.64,2,3.8,67.8,167,2.7,57.1,6.26,0.0,0.055232558139534885,medium,good,low
U0363,29,female,student,hybrid,11.49,0.75,10.74,6.26,1,10.0,30.2,105,7.6,0.0,11.49,1.7400000000000002,0.32051282051282054,high,normal,low
U0364,33,female,student,in-person,10.39,0.52,9.87,6.39,1,10.0,34.8,131,8.3,0.0,10.389999999999999,1.6100000000000003,0.2793296089385475,high,normal,low
U0365,35,male,employed,remote,8.72,2.36,6.36,5.73,1,10.0,39.6,78,6.7,3.3,8.72,2.2699999999999996,0.24630541871921183,high,normal,medium
U0366,26,male,student,remote,11.58,5.71,5.87,8.02,3,9.9,52.1,103,5.7,22.3,11.58,0.0,0.1864406779661017,high,good,low
U0367,31,male,employed,hybrid,7.73,1.52,6.21,6.22,1,7.1,51.9,47,16.4,20.7,7.73,1.7800000000000002,0.1342155009451796,medium,normal,low
U0368,30,female,employed,remote,11.64,6.11,5.53,6.7,2,10.0,48.6,178,2.0,8.2,11.64,1.2999999999999998,0.20161290322580644,high,normal,low
U0369,30,male,self-employed,remote,8.06,2.81,5.25,7.92,2,6.8,63.3,65,0.0,37.3,8.06,0.08000000000000007,0.1057542768273717,high,good,low
U0370,23,female,student,remote,9.05,3.83,5.22,7.31,1,7.4,54.9,179,9.5,18.5,9.05,0.6900000000000004,0.13237924865831843,high,good,low
U0371,30,female,student,remote,12.03,4.84,7.19,6.55,1,10.0,46.8,69,13.9,1.2,12.030000000000001,1.4500000000000002,0.2092050209205021,high,normal,low
U0372,33,male,student,remote,11.21,4.81,6.4,5.39,1,10.0,34.1,106,7.9,0.5,11.21,2.6100000000000003,0.2849002849002849,high,normal,medium
U0373,41,female,employed,in-person,10.37,0.81,9.56,6.31,1,10.0,45.0,67,1.8,3.0,10.370000000000001,1.6900000000000004,0.21739130434782608,high,normal,low
U0374,37,female,employed,hybrid,5.98,0.5,5.48,7.72,2,5.6,72.5,55,5.0,43.3,5.98,0.28000000000000025,0.07619047619047618,medium,good,low
U0375,47,female,student,in-person,7.77,0.96,6.81,6.77,1,10.0,44.3,0,0.0,0.0,7.77,1.2300000000000004,0.2207505518763797,medium,normal,low
U0376,23,female,unemployed,hybrid,10.19,2.64,7.55,6.96,1,8.0,56.0,19,11.1,13.8,10.19,1.04,0.14035087719298245,high,normal,low
U0377,36,female,student,remote,11.61,5.33,6.28,7.26,2,8.2,59.1,69,0.0,25.1,11.61,0.7400000000000002,0.13643926788685523,high,good,low
U0378,31,male,employed,hybrid,6.03,0.79,5.24,8.28,2,3.2,76.5,137,9.4,50.5,6.03,0.0,0.04129032258064516,medium,good,low
U0379,47,female,employed,hybrid,5.0,0.67,4.33,6.84,1,6.6,63.0,207,4.6,27.3,5.0,1.1600000000000001,0.103125,medium,normal,low
U0380,23,male,self-employed,remote,9.62,4.12,5.5,8.64,2,8.7,56.5,66,9.2,23.8,9.620000000000001,0.0,0.15130434782608695,high,good,low
U0381,23,male,employed,hybrid,14.02,3.21,10.81,6.84,3,10.0,47.3,9,6.6,10.2,14.02,1.1600000000000001,0.2070393374741201,high,normal,low
U0382,25,female,self-employed,remote,14.07,4.54,9.53,6.24,1,10.0,40.4,0,5.8,5.8,14.07,1.7599999999999998,0.24154589371980678,high,normal,low
U0383,16,female,employed,hybrid,7.41,1.01,6.4,8.02,3,4.9,81.0,140,7.2,67.8,7.41,0.0,0.059756097560975614,medium,good,low
U0384,25,female,self-employed,hybrid,7.63,1.13,6.5,9.1,4,4.5,97.6,207,5.0,71.0,7.63,0.0,0.04563894523326572,medium,good,low
U0385,23,male,student,remote,10.23,6.7,3.53,5.64,1,10.0,33.5,182,11.3,8.8,10.23,2.3600000000000003,0.2898550724637681,high,normal,medium
U0386,31,female,self-employed,remote,10.44,3.97,6.47,6.66,1,7.8,50.4,146,6.4,16.7,10.44,1.3399999999999999,0.1517509727626459,high,normal,low
U0387,32,male,employed,in-person,5.84,0.4,5.44,5.64,1,10.0,43.8,169,6.7,7.0,5.840000000000001,2.3600000000000003,0.22321428571428573,medium,normal,medium
U0388,45,female,self-employed,hybrid,8.62,1.94,6.68,7.41,1,9.7,49.9,233,18.5,7.1,8.62,0.5899999999999999,0.1905697445972495,high,good,low
U0389,37,male,employed,remote,10.34,3.55,6.79,7.21,1,10.0,32.8,123,9.5,4.5,10.34,0.79,0.2958579881656805,high,good,low
U0390,25,female,employed,in-person,10.47,1.05,9.42,6.75,2,10.0,50.4,138,6.3,16.8,10.47,1.25,0.19455252918287938,high,normal,low
U0391,22,female,employed,remote,11.79,6.19,5.6,6.03,1,10.0,36.5,61,11.7,0.0,11.79,1.9699999999999998,0.26666666666666666,high,normal,low
U0392,33,male,employed,hybrid,7.49,1.21,6.28,5.67,1,7.8,51.2,19,17.6,7.7,7.49,2.33,0.14942528735632182,medium,normal,medium
U0393,19,male,student,in-person,10.75,0.84,9.91,6.98,1,9.7,34.4,40,9.0,0.0,10.75,1.0199999999999996,0.2740112994350282,high,normal,low
U0394,44,female,student,remote,10.97,4.21,6.76,8.06,1,10.0,38.8,99,9.4,1.9,10.969999999999999,0.0,0.2512562814070352,high,good,low
U0395,39,male,student,remote,14.0,6.2,7.8,5.92,1,10.0,43.5,83,0.7,5.7,14.0,2.08,0.2247191011235955,high,normal,medium
U0396,26,female,student,remote,6.43,2.99,3.44,7.75,1,5.9,64.6,252,7.6,39.3,6.43,0.25,0.08993902439024391,medium,good,low
U0397,16,male,self-employed,remote,9.59,5.44,4.15,5.57,1,10.0,47.4,99,7.0,3.5,9.59,2.4299999999999997,0.2066115702479339,high,normal,medium
U0398,40,male,student,remote,8.72,2.36,6.36,7.56,1,9.4,57.3,193,10.1,6.6,8.72,0.4400000000000004,0.16123499142367068,high,good,low
U0399,29,female,retired,hybrid,5.04,0.94,4.1,7.32,1,7.1,63.6,97,12.1,21.0,5.039999999999999,0.6799999999999997,0.10990712074303406,medium,good,low
U0400,39,female,employed,remote,8.86,3.82,5.04,6.55,1,10.0,41.4,88,9.8,8.4,8.86,1.4500000000000002,0.2358490566037736,high,normal,low
